Source File	Size	loadResources	load	generateSnapshots	load-configure	scan	loadDepInfo	loadInfo	checkR4R4B	generateNarratives	validate	loadLists	checkConformanceResources	checkConformanceResources2	checkConformanceResources3	generateLogicalMaps	validateExpressions	scanForUsageStats	checkURLsUnique	processProvenanceDetails	generate1	generate2	generateLogicals	makeDependencies	generateExampleZip	generateValidationPack	scanProfilesForR5	scanExamplesForR5
/input/ig.xml	93433	-	0	0	0	0	0	0	28	87	0	0	0	0	1	0	0	2	0	0	387	16	0	0	0	17	0	16
input/examples/address-example0.xml	990	16	0	0	1	0	0	0	0	3	0	0	0	0	0	0	0	0	0	0	7	4	0	0	1	0	0	0
input/examples/address-example1.xml	408	5	0	0	0	0	0	0	0	0	0	0	0	0	0	0	0	0	0	0	4	3	0	0	0	0	0	0
input/examples/address-example2.xml	571	5	0	0	0	0	0	0	0	1	0	0	0	0	0	0	0	0	0	0	5	2	0	0	0	0	0	0
input/examples/address-example3.xml	2522	9	0	0	0	0	0	0	1	1	0	0	0	0	0	0	0	0	0	0	8	2	0	0	0	0	0	0
input/examples/allergyintolerance-example0.xml	1354	6	0	0	0	0	0	0	0	10	0	0	0	0	0	0	0	0	0	0	8	6	0	0	0	0	0	0
input/examples/allergyintolerance-example1.xml	1920	8	0	0	0	0	0	0	0	163	0	0	0	0	0	0	0	1	0	0	8	4	0	0	0	0	0	0
input/examples/allergyintolerance-example2.xml	2135	9	0	0	0	0	0	0	0	2	0	0	0	0	0	0	0	0	0	0	8	2	0	0	0	0	0	0
input/examples/allergyintolerance-example3.xml	1116	6	0	0	0	0	0	0	0	2	0	0	0	0	0	0	0	0	0	0	7	3	0	0	0	0	0	0
input/examples/bodystructure-example0.xml	815	4	0	0	0	0	0	0	1	432	0	0	0	0	0	0	0	0	0	0	5	3	0	0	0	0	0	0
input/examples/bodystructure-example1.xml	738	4	0	0	0	0	0	0	0	5	0	0	0	0	0	0	0	0	0	0	4	2	0	0	0	0	0	0
input/examples/bundle-example0.xml	65560	73	52	0	0	0	0	0	3	2	0	0	0	0	0	0	0	0	0	0	89	18	0	0	0	0	0	1
input/examples/composition-different-authors.xml	2378	7	0	0	1	0	0	0	0	5	0	0	0	0	0	0	0	0	0	0	9	7	0	0	0	0	0	0
input/examples/composition-example0.xml	1383	5	0	0	0	0	0	0	0	3	0	0	0	0	0	0	0	0	0	0	6	2	0	0	0	0	0	0
input/examples/composition-multiple-information-recipients.xml	1735	4	0	0	0	0	0	0	1	2	0	0	0	0	0	0	0	0	0	0	7	3	0	0	0	0	0	0
input/examples/condition-example0.xml	1022	4	0	0	0	0	0	0	0	4	0	0	0	0	0	0	0	0	0	0	6	4	0	0	0	0	0	0
input/examples/coverage-dva.xml	1587	4	0	0	0	0	0	0	0	3	0	0	0	0	0	0	0	0	0	0	7	4	0	0	0	0	0	0
input/examples/coverage-private.xml	1515	4	0	0	0	0	0	0	0	2	0	0	0	0	0	0	0	0	0	0	7	3	0	0	0	0	0	0
input/examples/device-example1.xml	1491	4	0	0	0	0	0	0	0	2	0	0	0	0	0	0	0	0	0	0	6	5	0	0	0	0	0	0
input/examples/encounter-example0.xml	661	4	0	0	0	0	0	0	0	184	0	0	0	0	0	0	0	0	0	0	4	3	0	0	0	0	0	0
input/examples/encounter-example1.xml	2572	5	0	0	0	0	0	0	1	7	0	0	0	0	0	0	0	0	0	0	8	2	0	0	0	0	0	0
input/examples/endpoint-example0.xml	4803	7	0	0	0	0	0	0	0	0	0	0	0	0	0	0	0	1	0	0	10	4	0	0	0	0	0	0
input/examples/endpoint-example1.xml	2786	7	0	0	0	0	0	0	0	0	0	0	0	0	0	0	0	0	0	0	6	3	0	0	0	0	0	0
input/examples/healthcareservice-example0.xml	2296	6	0	0	0	0	0	0	1	0	0	0	0	0	0	0	0	0	0	0	5	4	0	0	0	0	0	0
input/examples/healthcareservice-example1.xml	2825	7	0	0	0	0	0	0	0	0	0	0	0	0	0	0	0	0	0	0	7	3	0	0	0	0	0	0
input/examples/healthcareservice-example2.xml	896	4	0	0	0	0	0	0	0	8	0	0	0	0	0	0	0	0	0	0	5	2	0	0	0	0	0	0
input/examples/healthcareservice-example3.xml	4417	8	0	0	1	0	0	0	0	0	0	0	0	0	0	0	0	0	0	0	10	3	0	0	0	0	0	0
input/examples/healthcareservice-example4.xml	3123	8	0	0	0	0	0	0	1	3	0	0	0	0	0	0	0	0	0	0	10	2	0	0	0	0	0	0
input/examples/healthcareservice-example5.xml	1552	5	0	0	0	0	0	0	0	35	0	0	0	0	0	0	0	0	0	0	8	2	0	0	0	0	0	0
input/examples/immunization-example0.xml	1176	5	0	0	0	0	0	0	0	5	0	0	0	0	0	0	0	0	0	0	6	6	0	0	0	0	0	0
input/examples/immunization-example1.xml	639	3	0	0	0	0	0	0	0	2	0	0	0	0	0	0	0	0	0	0	5	3	0	0	0	0	0	0
input/examples/immunization-example2.xml	1728	5	0	0	0	0	0	0	1	734	0	0	0	0	0	0	0	0	0	0	8	4	0	0	0	0	0	0
input/examples/immunization-example3.xml	2662	6	0	0	0	0	0	0	0	4	0	0	0	0	0	0	0	0	0	0	9	3	0	0	0	0	0	1
input/examples/list-example0.xml	1534	5	0	0	0	0	0	0	0	3	0	2	0	0	0	0	0	0	0	0	7	15	0	0	0	0	0	0
input/examples/list-example1.xml	991	4	0	0	0	0	0	0	0	2	0	0	0	0	0	0	0	0	0	0	6	3	0	0	0	0	0	0
input/examples/list-example2.xml	17575	20	0	0	0	0	0	0	2	0	0	8	0	0	0	0	0	0	0	0	24	7	0	0	0	0	0	0
input/examples/list-example3.xml	1313	8	0	0	0	0	0	0	0	1	0	1	0	0	0	0	0	0	0	0	6	2	0	0	0	0	0	0
input/examples/location-example0.xml	666	5	0	0	0	0	0	0	0	2	0	0	0	0	0	0	0	0	0	0	5	5	0	0	0	0	0	0
input/examples/location-example1.xml	607	4	0	0	0	0	0	0	0	0	0	0	0	0	0	0	0	0	0	0	4	2	0	0	0	0	0	0
input/examples/location-example2.xml	1900	5	0	0	0	0	0	0	0	1	0	0	0	0	0	0	0	0	0	0	6	2	0	0	0	0	0	0
input/examples/location-example3.xml	794	4	0	0	0	0	0	0	0	1	0	0	0	0	0	0	0	0	0	0	5	2	0	0	0	0	0	0
input/examples/location-example4.xml	594	4	0	0	0	0	0	0	0	2	0	0	0	0	0	0	0	0	0	0	5	3	0	0	0	0	0	0
input/examples/location-example5.xml	544	3	0	0	0	0	0	0	0	2	0	0	0	0	0	0	0	1	0	0	4	1	0	0	0	0	0	0
input/examples/location-example6.xml	547	4	0	0	0	0	0	0	0	1	0	0	0	0	0	0	0	0	0	0	4	2	0	0	0	0	0	0
input/examples/location-example7.xml	556	3	0	0	0	0	0	0	1	1	0	0	0	0	0	0	0	0	0	0	6	2	0	0	0	0	0	0
input/examples/location-example8.xml	799	4	0	0	0	0	0	0	0	1	0	0	0	0	0	0	0	0	0	0	5	2	0	0	0	0	0	0
input/examples/location-example9.xml	770	4	0	0	1	0	0	0	0	1	0	0	0	0	0	0	0	0	0	0	5	2	0	0	0	0	0	0
input/examples/medication-BrandProductwithBatchDetails0.xml	2059	7	0	0	0	0	0	0	0	0	0	0	0	0	0	0	0	0	0	0	5	4	0	0	0	0	0	0
input/examples/medication-BrandedPack0.xml	2549	6	0	0	0	0	0	0	0	1	0	0	0	0	0	0	0	0	0	0	6	3	0	0	0	0	0	0
input/examples/medication-BrandedPack1.xml	1655	4	0	0	0	0	0	0	0	1	0	0	0	0	0	0	0	0	0	0	4	2	0	0	0	0	0	0
input/examples/medication-BrandedPackSingleActiveIngredient0.xml	1585	5	0	0	0	0	0	0	1	0	0	0	0	0	0	0	0	0	0	0	4	2	0	0	0	0	0	0
input/examples/medication-DoseBased.xml	1476	4	0	0	0	0	0	0	0	197	0	0	0	0	0	0	0	0	0	0	4	3	0	0	0	0	0	0
input/examples/medication-FourOrMoreActiveIngredientsProduct0.xml	5353	10	0	0	0	0	0	0	0	1	0	0	0	0	0	0	0	0	0	0	6	2	0	0	0	0	0	0
input/examples/medication-GenericPack0.xml	1227	4	0	0	0	0	0	0	0	0	0	0	0	0	0	0	0	0	0	0	4	2	0	0	0	0	0	0
input/examples/medication-IngredientStrengthExtension0.xml	788	4	0	0	0	0	0	0	1	1	0	0	0	0	0	0	0	0	0	0	4	2	0	0	0	0	0	0
input/examples/medication-StrengthExtension0.xml	889	3	0	0	0	0	0	0	0	1	0	0	0	0	0	0	0	0	0	0	4	2	0	0	0	0	0	0
input/examples/medication-StrengthExtension1.xml	752	3	0	0	0	0	0	0	0	0	0	0	0	0	0	0	0	0	0	0	4	1	0	0	0	0	0	0
input/examples/medication-TwoActiveIngredientsProduct0.xml	1834	5	0	0	0	0	0	0	0	0	0	0	0	0	0	0	0	0	0	0	3	2	0	0	0	0	0	0
input/examples/medication-UnbrandedProduct0.xml	2003	4	0	0	0	0	0	0	0	1	0	0	0	0	0	0	0	0	0	0	5	2	0	0	0	0	0	0
input/examples/medication-UnbrandedProduct1.xml	2000	5	0	0	0	0	0	0	0	1	0	0	0	0	0	0	0	0	0	0	5	2	0	0	0	0	0	0
input/examples/medication-UnbrandedProduct2.xml	1994	4	0	0	1	0	0	0	1	1	0	0	0	0	0	0	0	0	0	0	4	2	0	0	0	0	0	0
input/examples/medication-UncodedProduct0.xml	1185	3	0	0	0	0	0	0	0	1	0	0	0	0	0	0	0	0	0	0	4	2	0	0	0	0	0	0
input/examples/medicationadministration-example0.xml	1344	4	0	0	0	0	0	0	0	4	0	0	0	0	0	0	0	0	0	0	6	6	0	0	0	0	0	0
input/examples/medicationadministration-example1.xml	2265	5	0	0	0	0	0	0	0	101	0	0	0	0	0	0	0	0	0	0	6	3	0	0	0	0	0	0
input/examples/medicationdispense-example0.xml	3336	8	0	0	0	0	0	0	0	110	0	0	0	0	0	0	0	0	0	0	8	7	0	0	0	0	0	1
input/examples/medicationdispense-example1.xml	2200	5	0	0	0	0	0	0	1	3	0	0	0	0	0	0	0	0	0	0	7	2	0	0	0	0	0	0
input/examples/medicationrequest-example0.xml	3484	8	0	0	0	0	0	0	0	6	0	0	0	0	0	0	0	0	0	0	9	9	0	0	0	0	0	0
input/examples/medicationrequest-example1.xml	4215	8	0	0	0	0	0	0	1	7	0	0	0	0	0	0	0	0	0	0	9	3	0	0	0	0	0	0
input/examples/medicationrequest-example2.xml	3350	8	0	0	1	0	0	0	0	4	0	0	0	0	0	0	0	0	0	0	8	3	0	0	0	0	0	0
input/examples/medicationstatement-example0.xml	1725	5	0	0	0	0	0	0	0	1	0	0	0	0	0	0	0	1	0	0	5	3	0	0	0	0	0	0
input/examples/medicationstatement-example1.xml	1373	5	0	0	0	0	0	0	0	1	0	0	0	0	0	0	0	0	0	0	5	2	0	0	0	0	0	0
input/examples/medicationstatement-example2.xml	2243	5	0	0	0	0	0	0	1	2	0	0	0	0	0	0	0	0	0	0	5	2	0	0	0	0	0	0
input/examples/norelevantfinding-example0.xml	984	4	0	0	0	0	0	0	0	1	0	0	0	0	0	0	0	0	0	0	4	6	0	0	0	0	0	0
input/examples/norelevantfinding-example1.xml	945	4	0	0	0	0	0	0	0	2	0	0	0	0	0	0	0	0	0	0	4	2	0	0	0	0	0	0
input/examples/norelevantfinding-example2.xml	1020	4	0	0	0	0	0	0	0	1	0	0	0	0	0	0	0	0	0	0	4	2	0	0	0	0	0	0
input/examples/norelevantfinding-example3.xml	1015	5	0	0	0	0	0	0	0	1	0	0	0	0	0	0	0	0	0	0	5	2	0	0	0	0	0	0
input/examples/observation-specimen-hepatitis-b-serology.xml	1492	5	0	0	0	0	0	0	0	3	0	0	0	0	0	0	0	0	0	0	5	3	0	0	0	0	0	0
input/examples/organization-5-8631-1.xml	1248	4	0	0	0	0	0	0	0	1	0	0	0	0	0	0	0	0	0	0	4	2	0	0	0	0	0	0
input/examples/organization-example0.xml	949	4	0	0	0	0	0	0	1	0	0	0	0	0	0	0	0	0	0	0	4	2	0	0	0	0	0	0
input/examples/organization-example1.xml	1785	5	0	0	1	0	0	0	0	1	0	0	0	0	0	0	0	0	0	0	5	2	0	0	0	0	0	0
input/examples/organization-example2.xml	1581	5	0	0	0	0	0	0	0	0	0	0	0	0	1	0	0	0	0	0	4	2	0	0	0	0	0	0
input/examples/organization-example3.xml	1340	5	0	0	0	0	0	0	0	1	0	0	0	0	0	0	0	0	0	0	5	2	0	0	0	0	0	0
input/examples/organization-example4.xml	1053	4	0	0	0	0	0	0	0	1	0	0	0	0	0	0	0	0	0	0	4	2	0	0	0	0	0	0
input/examples/organization-example5.xml	970	4	0	0	0	0	0	0	1	0	0	0	0	0	0	0	0	0	0	0	3	1	0	0	0	0	0	0
input/examples/organization-example6.xml	5019	7	0	0	0	0	0	0	0	1	0	0	0	0	0	0	0	0	0	0	8	3	0	0	0	0	0	0
input/examples/organization-example7.xml	1197	4	0	0	0	0	0	0	0	0	0	0	0	0	0	0	0	0	0	0	4	4	0	0	0	0	0	0
input/examples/organization-example8.xml	1188	4	0	0	0	0	0	0	0	1	0	0	0	0	0	0	0	0	0	0	4	2	0	0	0	0	0	0
input/examples/patient-DateAccuracyIndicatorAAAexample0.xml	2084	4	0	0	0	0	0	0	1	0	0	0	0	0	0	0	0	0	0	0	4	3	0	0	0	0	0	0
input/examples/patient-DateAccuracyIndicatorAAUexample1.xml	2291	4	0	0	0	0	0	0	0	0	0	0	0	0	0	0	0	0	0	0	5	1	0	0	0	0	0	0
input/examples/patient-DateAccuracyIndicatorUAAexample2.xml	2232	4	0	0	0	0	0	0	0	0	0	0	0	0	0	0	0	0	0	0	4	2	0	0	0	0	0	0
input/examples/patient-DateAccuracyIndicatorUEAexample3.xml	2316	4	0	0	1	0	0	0	0	0	0	0	0	0	0	0	0	0	0	0	4	2	0	0	0	0	0	0
input/examples/patient-DateAccuracyIndicatorUUUexample4.xml	2066	4	0	0	0	0	0	0	0	0	0	0	0	0	0	0	0	0	0	0	4	2	0	0	0	0	0	0
input/examples/patient-example-sex-and-gender.xml	8243	11	0	0	0	0	0	0	1	1138	0	0	0	0	0	0	0	0	0	0	17	4	0	0	0	0	0	1
input/examples/patient-example0.xml	3992	8	0	0	0	0	0	0	0	48	0	0	0	0	0	0	0	0	0	0	10	3	0	0	0	0	0	0
input/examples/patient-example1.xml	2631	6	0	0	0	0	0	0	1	2	0	0	0	0	0	0	0	0	0	0	8	3	0	0	0	0	0	0
input/examples/patient-example2.xml	1422	5	0	0	0	0	0	0	0	1	0	0	0	0	0	0	0	0	0	0	5	3	0	0	0	0	0	0
input/examples/patient-example3.xml	1496	5	0	0	0	0	0	0	0	0	0	0	0	0	0	0	0	0	0	0	4	1	0	0	0	0	0	0
input/examples/patient-example4.xml	2402	6	0	0	0	0	0	0	0	2	0	0	0	0	0	0	0	0	0	0	9	4	0	0	0	0	0	0
input/examples/patient-example5.xml	1498	5	0	0	0	0	0	0	0	1	0	0	0	0	0	0	0	0	0	0	5	3	0	0	0	0	0	0
input/examples/patient-example6.xml	1861	4	0	0	0	0	0	0	1	2	0	0	0	0	0	0	0	0	0	0	6	3	0	0	0	0	0	0
input/examples/patient-example7.xml	3165	6	0	0	0	0	0	0	0	2	0	0	0	0	0	0	0	0	0	0	10	4	0	0	0	0	0	0
input/examples/patient-example8.xml	2444	5	0	0	0	0	0	0	0	1	0	0	0	0	0	0	0	0	0	0	6	2	0	0	0	0	0	0
input/examples/practitioner-example-sex-and-gender.xml	2767	4	0	0	1	0	0	0	0	2	0	0	0	0	0	0	0	0	0	0	5	2	0	0	0	0	0	0
input/examples/practitioner-example0.xml	2792	4	0	0	0	0	0	0	0	0	0	0	0	0	0	0	0	0	0	0	6	3	0	0	0	0	0	0
input/examples/practitioner-example1.xml	1012	3	0	0	0	0	0	0	0	1	0	0	0	0	0	0	0	0	0	0	4	2	0	0	0	0	0	0
input/examples/practitioner-example2.xml	1046	3	0	0	0	0	0	0	0	1	0	0	0	0	0	0	0	0	0	0	4	1	0	0	0	0	0	0
input/examples/practitioner-example3.xml	1808	4	0	0	0	0	0	0	0	1	0	0	0	0	0	0	0	0	0	0	5	2	0	0	0	0	0	0
input/examples/practitioner-example4.xml	4008	5	0	0	0	0	0	0	1	2	0	0	0	0	0	0	0	0	0	0	10	3	0	0	0	0	0	0
input/examples/practitionerrole-example0.xml	2651	4	0	0	0	0	0	0	0	0	0	0	0	0	0	0	0	0	0	0	5	2	0	0	0	0	0	0
input/examples/practitionerrole-example1.xml	1272	3	0	0	0	0	0	0	0	2	0	0	0	0	0	0	0	0	0	0	5	2	0	0	0	0	0	0
input/examples/practitionerrole-example2.xml	3672	4	0	0	0	0	0	0	0	0	0	0	0	0	0	0	0	0	0	0	6	3	0	0	1	0	0	0
input/examples/practitionerrole-example3.xml	1624	4	0	0	0	0	0	0	1	3	0	0	0	0	0	0	0	0	0	0	6	3	0	0	0	0	0	0
input/examples/practitionerrole-example4.xml	2038	3	0	0	0	0	0	0	0	1	0	0	0	0	0	0	0	0	0	0	5	2	0	0	0	0	0	0
input/examples/procedure-example0.xml	1213	3	0	0	0	0	0	0	0	2	0	0	0	0	0	0	0	0	0	0	5	6	0	0	0	0	0	0
input/examples/procedure-example1.xml	1067	3	0	0	1	0	0	0	0	2	0	0	0	0	0	0	0	0	0	0	4	2	0	0	0	0	0	0
input/examples/procedure-example2.xml	1156	3	0	0	0	0	0	0	0	1	0	0	0	0	0	0	0	0	0	0	5	2	0	0	0	0	0	0
input/examples/relatedperson-example-sex-and-gender.xml	5032	4	0	0	0	0	1	0	1	3	0	0	0	0	0	0	0	0	0	0	9	4	0	0	0	0	0	1
input/examples/relatedperson-example0.xml	1752	3	0	0	0	0	0	0	0	330	0	0	0	0	0	0	0	0	0	0	5	3	0	0	0	0	0	0
input/examples/relatedperson-example1.xml	1016	3	0	0	0	0	0	0	0	2	0	0	0	0	0	0	0	0	0	0	5	2	0	0	0	0	0	0
input/examples/relatedperson-example2.xml	1470	3	0	0	0	0	0	0	0	1	0	0	0	0	0	0	0	0	0	0	8	2	0	0	0	0	0	0
input/examples/relatedperson-example3.xml	1992	4	0	0	0	0	0	0	1	1	0	0	0	0	0	0	0	0	0	0	6	2	0	0	0	0	0	0
input/examples/servicerequest-hepatitis-b-antibody.xml	1387	3	0	0	0	0	0	0	0	2	0	0	0	0	0	0	0	0	0	0	5	6	0	0	0	0	0	0
input/examples/servicerequest-path-example0.xml	2121	4	0	0	0	0	0	0	0	1	0	0	0	0	0	0	0	0	0	0	5	2	0	0	0	0	0	0
input/examples/specimen-serum.xml	1056	3	0	0	0	0	0	0	0	2	0	0	0	0	0	0	0	0	0	0	4	5	0	0	0	0	0	0
input/examples/substance-example0.xml	638	3	0	0	0	0	0	0	0	1	0	0	0	0	0	0	0	0	0	0	3	3	0	0	0	0	0	0
input/examples/substance-example1.xml	674	3	0	0	0	0	0	0	0	0	0	0	0	0	0	0	0	0	0	0	5	2	0	0	0	0	0	0
input/resources/au-accessionnumber.xml	2522	5	0	18	1	0	0	0	1	68	0	0	0	0	0	0	0	1	0	0	57	454	0	0	0	2	1	0
input/resources/au-address.xml	5600	6	0	52	0	0	0	0	0	628	0	0	1	0	1	0	0	0	0	0	76	154	0	0	0	2	0	1
input/resources/au-ahpraregistrationnumber.xml	2477	4	0	11	0	0	0	0	0	13	0	0	0	0	0	0	0	0	1	0	45	102	0	0	0	3	0	1
input/resources/au-allergyintolerance.xml	2825	4	0	22	0	0	0	0	0	2877	0	0	0	0	1	0	0	0	0	0	99	152	0	0	0	3	0	1
input/resources/au-australianbusinessnumber.xml	2401	3	0	10	0	0	0	1	0	5	0	0	0	0	0	0	0	1	0	0	42	86	0	0	0	2	0	0
input/resources/au-australiancompanynumber.xml	2489	4	0	8	0	0	0	0	0	5	0	0	0	0	1	0	0	0	0	0	41	76	0	0	0	1	0	0
input/resources/au-australianregistredbodynumber.xml	2395	4	0	9	0	0	0	0	0	4	0	0	0	0	1	0	0	0	0	0	42	79	0	0	0	1	0	1
input/resources/au-bodystructure.xml	2902	3	0	12	0	0	0	0	0	1231	0	0	0	0	0	0	0	0	0	0	60	91	0	0	0	2	0	0
input/resources/au-careagencyemployeeidentifier.xml	4272	4	0	10	0	0	0	0	0	10	0	0	0	0	1	0	0	0	0	0	47	92	0	0	0	2	0	1
input/resources/au-composition.xml	2258	3	0	31	0	0	0	0	0	17	0	0	0	0	1	0	0	1	0	0	121	148	0	0	0	4	0	1
input/resources/au-condition.xml	2159	3	0	21	0	0	0	0	0	1234	0	0	0	0	0	0	0	1	0	0	95	3461	0	0	0	4	0	1
input/resources/au-coverage.xml	2310	3	0	29	1	0	0	0	0	8	0	0	0	0	1	0	0	0	0	0	92	284	0	0	0	3	0	1
input/resources/au-cspregistrationnumber.xml	4314	4	0	11	0	0	0	0	0	7	0	0	1	0	0	0	0	1	0	0	47	116	0	0	0	1	0	1
input/resources/au-cwlthseniorshealthcardnumber.xml	3725	4	0	6	0	0	0	0	0	7	0	0	0	0	0	0	0	0	0	0	44	118	0	0	0	2	1	0
input/resources/au-deliverypointidentifier.xml	3066	3	0	5	0	0	0	0	0	7	0	0	0	0	1	0	0	0	0	0	43	108	0	0	0	1	0	1
input/resources/au-diagnosticreport.xml	5246	5	0	22	9	0	0	0	0	631	0	0	0	0	0	0	0	0	0	0	99	238	0	0	0	5	0	0
input/resources/au-diagnosticrequest.xml	6619	5	0	24	0	0	0	0	0	1279	0	0	0	0	1	0	0	1	0	0	120	195	0	1	0	4	0	2
input/resources/au-diagnosticresult.xml	5136	4	0	27	1	0	0	0	0	14	0	0	0	0	0	0	0	1	0	0	154	529	0	0	0	6	0	1
input/resources/au-dosage.xml	2563	4	0	12	0	0	0	0	0	7	0	0	0	0	0	0	0	0	0	0	64	112	0	0	0	2	0	1
input/resources/au-dvanumber.xml	2546	3	0	6	0	0	0	0	0	5	0	0	0	0	1	0	0	0	0	0	36	94	0	0	0	2	0	0
input/resources/au-employeenumber.xml	2244	4	0	8	0	0	0	0	1	6	0	0	0	0	0	0	0	0	0	0	57	112	0	0	0	2	0	1
input/resources/au-encounter.xml	3543	3	0	28	0	0	0	1	0	2420	0	0	0	0	1	0	0	1	0	0	158	211	0	0	0	5	0	2
input/resources/au-endpoint.xml	1802	3	0	11	0	0	0	0	0	7	0	0	0	0	0	0	0	1	0	0	53	105	0	0	0	2	0	0
input/resources/au-etpprescriptionidentifier.xml	2602	4	1	9	0	0	0	0	0	6	0	0	0	0	0	0	0	0	0	0	58	122	0	0	0	2	0	1
input/resources/au-gnafidentifier.xml	2266	3	0	5	0	0	0	0	0	50	0	0	0	0	1	0	0	0	0	0	41	90	0	0	0	1	0	0
input/resources/au-hae.xml	4764	4	0	7	0	0	0	0	0	6	0	0	0	0	0	0	0	0	0	0	47	98	0	0	0	1	0	1
input/resources/au-healthcarecardnumber.xml	3423	4	0	4	0	0	0	0	0	4	0	0	0	0	0	0	0	0	0	0	43	87	0	0	0	2	0	0
input/resources/au-healthcareservice.xml	4296	4	0	27	1	0	0	0	0	1238	0	0	1	0	1	0	0	1	0	0	134	188	0	0	0	4	1	1
input/resources/au-hpii.xml	4229	5	0	9	0	0	0	0	0	7	0	0	0	0	0	0	0	0	0	0	48	92	0	0	0	2	0	1
input/resources/au-hpio.xml	4524	3	0	4	0	0	0	0	0	8	0	0	0	0	1	0	0	0	0	0	48	91	0	0	0	1	0	0
input/resources/au-hspo.xml	4907	5	0	8	0	0	0	0	0	9	0	0	0	0	0	0	0	1	0	0	48	91	0	0	0	2	0	1
input/resources/au-ihi.xml	5605	5	0	11	0	0	0	0	0	1231	0	0	0	0	0	0	0	0	0	0	62	102	0	0	0	2	0	0
input/resources/au-imagingreport.xml	4235	3	0	13	0	0	0	0	0	627	0	0	0	0	1	0	0	0	0	0	127	138	0	0	0	3	0	1
input/resources/au-imagingresult.xml	7885	6	0	35	0	0	0	0	0	636	0	0	0	0	0	0	0	1	0	0	222	770	0	0	0	8	0	1
input/resources/au-immunization.xml	7519	5	0	31	0	0	0	0	0	4338	0	0	0	0	1	0	0	1	0	0	203	164	0	0	0	7	0	0
input/resources/au-insurancemembernumber.xml	2895	4	0	8	0	0	0	0	0	6	0	0	0	0	0	0	0	1	0	0	59	67	0	0	0	2	0	0
input/resources/au-localdispenseidentifier.xml	2594	3	0	10	0	0	0	0	0	6	0	0	0	0	0	0	0	0	0	0	58	67	0	0	0	2	0	1
input/resources/au-localorderidentifier.xml	3249	4	0	6	1	0	0	0	0	5	0	0	0	0	1	0	0	0	0	0	52	63	0	0	0	1	0	0
input/resources/au-localprescriptionidentifier.xml	2680	4	0	9	0	0	0	0	0	6	0	0	0	0	0	0	0	0	0	0	58	66	0	0	0	2	0	0
input/resources/au-localreportidentifier.xml	3080	4	0	6	0	0	0	0	0	8	0	0	0	0	1	0	0	1	0	0	59	65	0	0	0	2	0	0
input/resources/au-location.xml	2950	4	0	19	0	0	0	0	0	11	0	0	0	0	0	0	0	0	0	0	85	95	0	0	0	3	1	0
input/resources/au-locationspecificpracticenumber.xml	2719	5	0	5	0	0	0	0	0	6	0	0	1	0	0	0	0	0	0	0	42	61	0	0	0	1	0	0
input/resources/au-medicalrecordnumber.xml	2418	3	0	11	0	0	0	0	0	11	0	0	0	0	1	0	0	0	0	0	57	75	0	0	0	2	0	0
input/resources/au-medicarecardnumber.xml	2860	5	0	6	0	0	0	0	0	8	0	0	0	0	0	0	0	1	0	0	52	66	0	0	0	2	0	1
input/resources/au-medicareprovidernumber.xml	2262	3	0	8	0	0	0	0	0	7	0	0	0	0	0	0	0	0	0	0	42	59	0	0	0	1	0	0
input/resources/au-medication.xml	7900	6	0	18	0	0	0	0	0	1851	0	0	0	0	1	0	0	0	0	0	122	114	0	0	0	5	0	0
input/resources/au-medicationadministration.xml	7848	6	0	25	0	0	0	0	0	17	0	0	0	0	0	0	0	1	0	0	156	119	0	0	0	5	0	1
input/resources/au-medicationdispense.xml	9029	7	0	28	0	0	0	0	0	1243	0	0	0	0	0	0	0	1	0	0	166	123	0	0	0	6	0	1
input/resources/au-medicationrequest.xml	11324	7	0	31	1	0	0	0	1	19	0	0	0	0	1	0	0	1	0	0	221	164	0	0	0	8	0	1
input/resources/au-medicationstatement.xml	7858	6	0	19	0	0	0	0	0	1217	0	0	0	0	0	0	0	1	0	0	126	103	0	1	0	5	0	0
input/resources/au-medlist.xml	3738	5	0	19	0	0	0	0	0	15	0	0	0	0	0	0	0	0	0	0	83	83	0	0	0	3	1	1
input/resources/au-nataaccreditationnumber.xml	2070	3	0	6	0	0	0	0	0	7	0	0	0	0	1	0	0	0	0	0	41	58	0	0	0	1	0	0
input/resources/au-natasitenumber.xml	1976	4	0	5	0	0	0	0	0	6	0	0	0	0	0	0	0	1	0	0	42	59	0	0	0	2	0	0
input/resources/au-nationalprovideridentifieratorganisation.xml	3048	4	0	7	0	0	0	0	0	6	0	0	1	0	1	0	0	0	0	0	45	60	0	0	0	1	0	0
input/resources/au-norelevantfinding.xml	2772	3	0	22	0	0	0	0	0	607	0	0	0	0	0	0	0	0	0	0	132	583	0	0	0	5	0	1
input/resources/au-organization.xml	4697	4	0	14	0	0	0	0	0	604	0	0	0	0	0	0	0	1	0	0	77	145	0	0	0	3	0	0
input/resources/au-paididentifier.xml	4418	4	0	7	0	0	0	0	0	5	0	0	0	0	1	0	0	0	0	0	46	86	0	0	0	1	0	0
input/resources/au-paioidentifier.xml	4432	4	0	4	0	0	0	0	0	4	0	0	0	0	0	0	0	0	0	0	47	86	0	0	0	2	0	0
input/resources/au-pathologyreport.xml	4938	5	0	13	0	0	0	0	0	1249	0	0	0	0	0	0	0	1	0	0	98	135	0	0	0	3	0	1
input/resources/au-pathologyresult.xml	10243	7	0	96	0	0	0	0	0	2472	0	0	0	0	1	1	0	1	0	0	220	708	0	0	0	8	0	1
input/resources/au-patient.xml	21172	10	0	39	1	0	0	0	0	2492	0	0	0	0	0	0	0	1	0	0	240	560	0	0	0	9	1	0
input/resources/au-pbsprescribernumber.xml	2726	4	0	7	0	0	0	0	0	6	0	0	0	0	0	0	0	0	0	0	42	73	0	0	0	1	0	0
input/resources/au-pensionerconcessioncardnumber.xml	3635	3	0	4	0	0	0	0	0	7	0	0	0	0	1	0	0	0	0	0	43	102	0	0	0	2	0	0
input/resources/au-pharmacyapprovalnumber.xml	2269	4	0	4	0	0	0	0	0	7	0	0	0	0	0	0	0	0	0	0	41	66	0	0	0	1	0	1
input/resources/au-pi.xml	3449	4	0	5	0	0	0	0	0	6	0	0	0	0	0	0	0	0	0	0	59	89	0	0	0	2	0	0
input/resources/au-practitioner.xml	12869	7	0	15	0	0	0	0	0	12	0	0	0	0	1	0	0	1	0	0	109	124	0	0	0	4	0	0
input/resources/au-practitionerrole.xml	3851	4	0	16	0	0	0	0	0	12	0	0	1	0	0	0	0	1	0	0	106	149	0	0	0	3	0	1
input/resources/au-procedure.xml	2811	5	0	18	0	0	0	0	0	612	0	0	0	0	0	0	0	0	0	0	109	131	0	0	0	4	0	0
input/resources/au-relatedperson.xml	14264	50	0	14	0	0	0	0	0	612	0	0	0	0	1	0	0	1	0	0	113	135	0	0	0	4	0	1
input/resources/au-residentialagedcareserviceidentifier.xml	2407	8	0	4	0	0	0	0	0	7	0	0	0	0	0	0	0	0	0	0	42	76	0	0	0	1	0	0
input/resources/au-servicerequest.xml	4191	7	0	19	1	0	0	0	0	11	0	0	0	0	1	0	0	1	0	0	115	129	0	0	0	4	0	0
input/resources/au-specimen.xml	2744	4	0	16	0	0	0	0	1	1840	0	0	0	0	0	0	0	0	0	0	109	126	0	0	0	4	0	1
input/resources/au-substance.xml	2067	3	0	14	0	0	0	0	0	605	0	0	0	0	0	0	0	1	0	0	69	89	0	0	0	2	1	0
input/resources/au-timezone-usage.xml	2387	4	0	247	0	0	0	0	0	4	0	0	0	0	1	0	0	0	0	0	24	52	0	0	0	1	0	0
input/resources/codesystem-au-digital-health-source-system.xml	2383	4	0	0	0	0	0	0	0	5	0	0	0	0	0	0	0	0	0	0	7	58	0	0	0	1	0	0
input/resources/codesystem-au-location-physical-type.xml	2240	3	0	0	0	0	0	0	0	3	0	0	0	0	1	0	0	0	0	0	8	41	0	0	0	0	0	0
input/resources/codesystem-au-location-type.xml	1238	4	0	0	0	0	0	0	1	1	0	0	0	0	0	0	0	0	0	0	6	33	0	0	0	0	0	0
input/resources/codesystem-au-v2-0203.xml	11791	6	0	0	0	0	0	0	0	9	0	0	0	0	0	0	0	0	0	0	30	55	0	0	0	1	0	0
input/resources/codesystem-au-v2-0360.xml	3607	6	0	0	0	0	0	0	1	3	0	0	0	0	1	0	0	0	0	0	10	36	0	0	0	0	0	0
input/resources/codesystem-au-v2-0443.xml	1369	4	0	0	1	0	0	0	0	2	0	0	0	0	0	0	0	0	0	0	5	31	0	0	0	1	0	0
input/resources/codesystem-au-v3-ActCode.xml	1999	4	0	0	0	0	0	0	0	3	0	0	0	0	1	0	0	0	0	0	7	32	0	0	0	0	0	0
input/resources/codesystem-communication-request-category.xml	1757	4	0	0	0	0	0	0	1	2	0	0	0	0	0	0	0	0	0	0	7	27	0	0	0	0	0	0
input/resources/codesystem-contact-purpose.xml	2366	3	0	0	0	0	0	0	0	2	0	0	0	0	0	0	0	0	0	0	7	26	0	0	0	1	0	0
input/resources/codesystem-medication-type.xml	3809	5	0	0	0	0	0	0	0	3	0	0	0	0	1	0	0	0	0	0	11	30	0	0	0	0	0	0
input/resources/codesystem-medicine-item-change.xml	5404	4	0	0	0	0	0	0	1	4	0	0	0	0	0	0	0	0	0	0	16	28	0	0	0	1	0	1
input/resources/codesystem-mims-external.xml	1520	3	0	0	0	0	0	0	0	1	0	0	0	0	1	0	0	0	0	0	5	19	0	0	0	0	0	0
input/resources/codesystem-name-context.xml	1553	4	0	0	0	0	0	0	0	1	0	0	0	0	0	0	0	0	0	0	6	25	0	0	0	0	0	0
input/resources/codesystem-pbs-item-external.xml	1312	2	0	0	0	0	0	0	0	1	0	0	0	0	0	0	0	0	0	0	5	17	0	0	0	0	0	0
input/resources/codesystem-resource-tag.xml	1422	4	0	0	0	0	0	0	0	3	0	0	0	0	1	0	0	0	0	0	6	21	0	0	0	0	0	0
input/resources/codesystem-rsg-source-document-type.xml	1975	3	0	0	0	0	0	0	1	3	0	0	0	0	0	0	0	0	0	0	7	21	0	0	0	1	0	0
input/resources/codesystem-rsg-type.xml	1431	4	0	0	0	0	0	0	0	3	0	0	0	0	0	0	0	0	0	0	5	20	0	0	0	0	0	0
input/resources/codesystem-service-provision-conditions.xml	4113	4	0	0	1	0	0	0	0	5	0	0	0	0	1	0	0	0	0	0	12	58	0	0	0	0	0	0
input/resources/codesystem-task-business-status.xml	2862	4	0	0	0	0	0	0	1	3	0	0	0	0	0	0	0	0	0	0	9	24	0	0	0	1	0	0
input/resources/searchparameter-encounter-discharge-disposition.xml	1174	4	0	0	0	0	0	0	0	2	0	0	0	0	1	0	0	0	0	0	5	4	0	0	0	0	0	0
input/resources/searchparameter-gender-identity.xml	1808	3	0	0	0	0	0	0	0	2	0	0	0	0	0	0	0	0	0	0	7	4	0	0	0	0	0	0
input/resources/searchparameter-indigenous-status.xml	1194	3	0	0	0	0	0	0	0	2	0	0	0	0	0	0	0	0	0	0	6	3	0	0	0	0	0	0
input/resources/searchparameter-servicerequest-supporting-info.xml	1177	3	0	0	0	0	0	0	1	1	0	0	0	0	1	0	0	0	0	0	5	4	0	0	0	1	0	0
input/resources/structuredefinition-address-identifier.xml	1997	3	0	2	0	0	0	0	0	4	0	0	1	0	0	0	0	0	0	0	25	82	0	0	0	0	0	0
input/resources/structuredefinition-ahpraprofession-details.xml	19164	13	0	38	0	0	0	0	0	35	0	0	0	0	0	0	0	2	0	0	313	234	0	0	0	9	0	1
input/resources/structuredefinition-ahpraregistration-details.xml	17871	14	0	36	0	0	0	0	0	23	0	0	0	0	0	0	0	1	0	0	291	196	0	0	0	8	0	1
input/resources/structuredefinition-associated-healthcareservice.xml	2746	8	0	3	0	0	0	0	0	3	0	0	0	0	1	0	0	0	0	0	26	46	0	0	0	1	0	1
input/resources/structuredefinition-au-assigningauthority.xml	4010	6	0	9	0	0	0	0	0	6	0	0	0	0	0	0	0	0	0	0	68	59	0	0	0	2	0	0
input/resources/structuredefinition-au-receivingapplication.xml	4203	6	0	8	0	0	0	0	0	6	0	0	0	0	1	0	0	1	0	0	69	60	0	0	0	2	0	0
input/resources/structuredefinition-au-receivingfacility.xml	4201	5	0	9	0	0	0	0	0	6	0	0	0	0	0	0	0	0	0	0	68	60	0	0	0	2	0	0
input/resources/structuredefinition-au-timezone.xml	2433	4	0	3	0	0	0	0	0	2	0	0	0	0	1	0	0	0	0	0	25	64	0	0	0	0	0	0
input/resources/structuredefinition-author-related-person.xml	1718	3	0	2	0	0	0	0	0	3	0	0	0	0	0	0	0	0	0	0	23	48	0	0	0	1	0	1
input/resources/structuredefinition-change-description.xml	1568	3	0	1	0	0	0	0	0	2	0	0	0	0	1	0	0	0	0	0	23	47	0	0	0	1	0	0
input/resources/structuredefinition-closing-the-gap-registration.xml	1871	4	0	3	0	0	0	0	0	3	0	0	0	0	0	0	0	0	0	0	24	49	0	0	0	1	1	0
input/resources/structuredefinition-contact-purpose.xml	1775	3	0	3	0	0	0	0	1	2	0	0	0	0	0	0	0	1	0	0	23	50	0	0	0	0	0	0
input/resources/structuredefinition-date-accuracy-indicator.xml	2428	4	0	2	0	0	0	0	0	3	0	0	0	0	0	0	0	0	0	0	25	51	0	0	0	1	0	0
input/resources/structuredefinition-date-of-arrival.xml	4482	5	0	4	0	0	0	0	0	7	0	0	1	0	1	0	0	0	0	0	47	62	0	0	0	2	0	0
input/resources/structuredefinition-dispense-number.xml	1843	4	0	3	0	0	0	0	0	2	0	0	0	0	0	0	0	0	0	0	24	47	0	0	0	0	0	0
input/resources/structuredefinition-encounter-description.xml	2949	4	0	4	0	0	0	0	0	3	0	0	0	0	0	0	0	0	0	0	27	49	0	0	0	1	0	0
input/resources/structuredefinition-encryption-certificate-pem-x509.xml	1909	4	0	2	0	0	0	0	0	3	0	0	0	0	1	0	0	0	0	0	23	47	0	0	0	1	0	0
input/resources/structuredefinition-ethnicity.xml	3698	3	0	2	0	0	0	0	0	2	0	0	0	0	0	0	0	0	0	0	28	49	0	0	0	1	0	1
input/resources/structuredefinition-identifier-routability.xml	4432	5	0	7	0	0	0	0	0	6	0	0	0	0	1	0	0	1	0	0	106	60	0	0	0	2	0	0
input/resources/structuredefinition-ihi-record-status.xml	2144	5	0	3	0	0	0	0	0	3	0	0	0	0	0	0	0	0	0	0	25	47	0	0	0	1	0	0
input/resources/structuredefinition-ihi-status.xml	2166	3	0	1	0	0	0	0	0	2	0	0	0	0	0	0	0	0	0	0	24	47	0	0	0	1	0	0
input/resources/structuredefinition-ihi-verified-date.xml	1955	4	0	2	0	0	0	0	0	3	0	0	0	0	1	0	0	0	0	0	24	47	0	0	0	0	0	0
input/resources/structuredefinition-indigenous-status.xml	2294	3	0	1	1	0	0	0	0	2	0	0	0	0	0	0	0	0	0	0	24	49	0	0	0	1	0	0
input/resources/structuredefinition-information-recipient.xml	2193	3	0	2	0	0	0	0	0	3	0	0	0	0	0	0	0	0	0	0	24	47	0	1	0	1	0	0
input/resources/structuredefinition-medication-brand-name.xml	2633	4	0	3	0	0	0	0	0	2	0	0	0	0	1	0	0	0	0	0	25	48	0	0	0	1	0	0
input/resources/structuredefinition-medication-generic-name.xml	3010	4	0	4	0	0	0	0	0	2	0	0	0	0	0	0	0	0	0	0	24	46	0	0	0	1	0	1
input/resources/structuredefinition-medication-long-term.xml	1531	3	0	2	0	0	0	0	0	3	0	0	0	0	1	0	0	0	0	0	23	46	0	0	0	0	0	0
input/resources/structuredefinition-medication-strength.xml	1630	3	0	5	0	0	0	0	0	2	0	0	0	0	0	0	0	0	0	0	22	46	0	0	0	1	0	0
input/resources/structuredefinition-medication-type.xml	3049	4	0	3	0	0	0	0	0	2	0	0	0	0	0	0	0	1	0	0	25	47	0	0	0	1	0	0
input/resources/structuredefinition-name-context.xml	2828	4	0	3	0	0	0	0	0	3	0	0	0	0	1	0	0	0	0	0	27	48	0	0	0	1	0	0
input/resources/structuredefinition-no-fixed-address.xml	1646	4	0	3	0	0	0	0	0	2	0	0	0	0	0	0	0	0	0	0	22	48	0	0	0	0	1	0
input/resources/structuredefinition-result-copies-to.xml	3480	3	0	4	0	0	1	0	0	3	0	0	0	0	1	0	0	0	0	0	27	47	0	0	0	1	0	0
input/resources/structuredefinition-subsidised-concurrent-supply.xml	2341	4	0	2	0	0	0	0	0	2	0	0	0	0	0	0	0	0	0	0	25	59	0	0	0	1	0	0
input/resources/structuredefinition-vaccine-serial-number.xml	1730	3	0	3	0	0	0	0	0	3	0	0	0	0	0	0	0	0	0	0	24	56	0	0	0	1	0	0
input/resources/structuredefinition-veteran-status.xml	2052	4	0	2	0	0	0	0	0	2	0	0	0	0	1	0	0	0	0	0	24	73	0	0	0	1	0	0
input/resources/valueset-accession-number-type.xml	1003	2	0	0	1	0	0	0	1	632	0	0	0	0	0	0	0	0	0	0	6	54	0	0	0	0	0	0
input/resources/valueset-amt-mp-codes.xml	2224	4	0	0	0	0	0	0	0	491	0	0	0	0	0	0	0	0	0	0	7	71	0	0	0	0	0	0
input/resources/valueset-au-coverage-type-extended.xml	1284	3	0	0	0	0	0	0	0	6	0	0	0	0	1	0	0	0	0	0	7	86	0	0	0	1	0	0
input/resources/valueset-au-jurisdiction-extended.xml	1870	4	0	0	0	0	0	0	0	4	0	0	0	0	0	0	0	0	0	0	8	831	0	0	0	0	0	0
input/resources/valueset-au-location-physical-type-extended.xml	1145	2	0	0	0	0	0	0	1	5	0	0	0	0	1	0	0	0	0	0	5	29	0	0	0	0	0	1
input/resources/valueset-au-timezone.xml	2429	4	0	0	0	0	0	0	0	251	0	0	0	0	0	0	0	0	0	0	9	24	0	0	0	1	0	0
input/resources/valueset-au-v2-0203-extended.xml	1218	3	0	0	0	0	0	0	0	5	0	0	0	0	0	0	0	0	0	0	5	38	0	0	0	0	0	0
input/resources/valueset-au-v2-0360-extended.xml	1161	3	0	0	0	0	0	0	0	4	0	0	0	0	1	0	0	0	0	0	6	30	0	0	0	0	0	0
input/resources/valueset-au-v2-0443-extended.xml	1062	2	0	0	0	0	0	0	0	3	0	0	0	0	0	0	0	0	0	0	6	69	0	0	0	0	0	0
input/resources/valueset-au-v3-ActEncounterCode-extended.xml	1154	3	0	0	1	0	0	0	1	3	0	0	0	0	1	0	0	0	0	0	6	27	0	0	0	0	0	0
input/resources/valueset-au-v3-ServiceDeliveryLocationRoleType-extended.xml	1197	2	0	0	0	0	0	0	0	2	0	0	0	0	0	0	0	0	0	0	5	39	0	0	0	1	0	0
input/resources/valueset-contact-purpose.xml	958	3	0	0	0	0	0	0	0	2	0	0	0	0	0	0	0	0	0	0	5	25	0	0	0	0	0	0
input/resources/valueset-dva-entitlement.xml	1211	3	0	0	0	0	0	0	0	4	0	0	0	0	1	0	0	0	0	0	8	23	0	0	0	0	0	0
input/resources/valueset-medication-type.xml	1141	3	0	0	0	0	0	0	1	1	0	0	0	0	0	0	0	0	0	0	5	22	0	0	0	0	0	0
input/resources/valueset-medicine-item-change.xml	982	2	0	0	0	0	0	0	0	3	0	0	0	0	1	0	0	0	0	0	6	27	0	0	0	1	0	0
input/resources/valueset-mims.xml	957	3	0	0	0	0	0	0	0	3	0	0	0	0	0	0	0	0	0	0	5	131	0	0	0	0	0	0
input/resources/valueset-name-context.xml	936	3	0	0	0	0	0	0	0	3	0	0	0	0	0	0	0	0	0	0	5	23	0	0	0	0	0	0
input/resources/valueset-order-identifier-type.xml	1121	2	0	0	0	0	0	0	0	4	0	0	0	0	1	0	0	0	0	0	6	23	0	0	0	0	0	0
input/resources/valueset-pbs-item.xml	894	3	0	0	0	0	0	0	1	2	0	0	0	0	0	0	0	0	0	0	5	130	0	0	0	0	0	0
input/resources/valueset-rsg-source-document-type.xml	2109	3	0	0	0	0	0	0	0	302	0	0	0	0	0	0	0	1	0	0	7	137	0	0	0	1	0	0
input/resources/valueset-rsg-source.xml	1494	3	0	0	1	0	0	0	0	4	0	0	0	0	1	0	0	0	0	0	7	26	0	0	0	0	0	0
input/resources/valueset-rsg-type.xml	2265	3	0	0	0	0	0	0	0	390	0	0	0	0	0	0	0	0	0	0	7	912	0	0	0	0	0	0
input/resources/valueset-service-provision-conditions.xml	1077	2	0	0	0	0	0	0	0	4	0	0	0	0	1	0	0	0	0	0	5	26	0	0	0	1	0	0
/input/includes/res-list-generator.md	1308	-	-	-	0	0	0	0	0	0	0	0	0	0	0	0	0	0	0	0	0	1	0	0	0	0	0	0
/input/includes/menu.xml	1696	-	-	-	0	0	0	0	0	0	0	0	0	0	0	0	0	0	0	0	0	0	0	0	0	0	0	0
/input/includes/sd-list-generator.md	2850	-	-	-	0	0	0	0	0	0	0	0	0	0	0	0	0	0	0	0	0	0	0	0	0	0	0	0
/input/includes/example-list-generator.md	911	-	-	-	0	0	0	0	0	0	0	0	0	0	0	0	0	0	0	0	0	0	0	0	0	0	0	0
/input/includes/sp_list.md	498	-	-	-	0	0	0	0	0	0	0	0	0	0	0	0	0	0	0	0	0	1	0	0	0	0	0	0
/input/includes/nonnormative-example-boilerplate.md	322	-	-	-	0	0	0	0	0	0	0	0	0	0	0	0	0	0	0	0	0	0	0	0	0	0	0	0
/input/includes/ext-list-generator.md	1123	-	-	-	0	0	0	0	0	0	0	0	0	0	0	0	0	0	0	0	0	0	0	0	0	0	0	0
/input/includes/link-list.md	20119	-	-	-	0	0	0	0	0	0	0	0	0	0	0	0	0	0	0	0	0	1	0	0	0	0	0	0
/input/intro-notes/StructureDefinition-au-norelevantfinding-intro.md	15	-	-	-	0	0	0	0	0	0	0	0	0	0	0	0	0	0	0	0	0	0	0	0	0	0	0	0
/input/intro-notes/StructureDefinition-au-localprescriptionidentifier-intro.md	353	-	-	-	0	0	0	0	0	0	0	0	0	0	0	0	0	0	0	0	0	0	0	0	0	0	0	0
/input/intro-notes/StructureDefinition-au-condition-intro.md	286	-	-	-	0	0	0	0	0	0	0	0	0	0	0	0	0	0	0	0	0	0	0	0	0	0	0	0
/input/intro-notes/StructureDefinition-ahpraprofession-details-intro.md	304	-	-	-	0	0	0	0	0	0	0	0	0	0	0	0	0	0	0	0	0	0	0	0	0	0	0	0
/input/intro-notes/StructureDefinition-au-specimen-intro.md	15	-	-	-	0	0	0	0	0	0	0	0	0	0	0	0	0	0	0	0	0	0	0	0	0	0	0	0
/input/intro-notes/StructureDefinition-au-endpoint-intro.md	817	-	-	-	0	0	0	0	0	0	0	0	0	0	0	0	0	0	0	0	0	1	0	0	0	0	0	0
/input/intro-notes/StructureDefinition-au-gnafidentifier-intro.md	15	-	-	-	0	0	0	0	0	0	0	0	0	0	0	0	0	0	0	0	0	0	0	0	0	0	0	0
/input/intro-notes/StructureDefinition-au-dosage-intro.md	15	-	-	-	0	0	0	0	0	0	0	0	0	0	0	0	0	0	0	0	0	0	0	0	0	0	0	0
/input/intro-notes/StructureDefinition-medication-brand-name-intro.md	340	-	-	-	0	0	0	0	0	0	0	0	0	0	0	0	0	0	0	0	0	0	0	0	0	0	0	0
/input/intro-notes/StructureDefinition-au-allergyintolerance-intro.md	15	-	-	-	0	0	0	0	0	0	0	0	0	0	0	0	0	0	0	0	0	0	0	0	0	0	0	0
/input/intro-notes/StructureDefinition-au-healthprogramparticipation-intro.md	15	-	-	-	0	0	0	0	0	0	0	0	0	0	0	0	0	0	0	0	0	0	0	0	0	0	0	0
/input/intro-notes/StructureDefinition-au-diagnosticrequest-intro.md	1745	-	-	-	0	0	0	0	0	0	0	0	0	0	0	0	0	0	0	0	0	0	0	0	0	0	0	0
/input/intro-notes/StructureDefinition-closing-the-gap-registration-intro.md	124	-	-	-	0	0	0	0	0	0	0	0	0	0	0	0	0	0	0	0	0	0	0	0	0	0	0	0
/input/intro-notes/StructureDefinition-au-medicationrequest-intro.md	1907	-	-	-	0	0	0	0	0	0	0	0	0	0	0	0	0	0	0	0	0	0	0	0	0	0	0	0
/input/intro-notes/StructureDefinition-au-australianbusinessnumber-intro.md	16	-	-	-	0	0	0	0	0	0	0	0	0	0	0	0	0	0	0	0	0	1	0	0	0	0	0	0
/input/intro-notes/StructureDefinition-subsidised-concurrent-supply-intro.md	15	-	-	-	0	0	0	0	0	0	0	0	0	0	0	0	0	0	0	0	0	0	0	0	0	0	0	0
/input/intro-notes/StructureDefinition-au-hae-intro.md	143	-	-	-	0	0	0	0	0	0	0	0	0	0	0	0	0	0	0	0	0	0	0	0	0	0	0	0
/input/intro-notes/StructureDefinition-au-organization-intro.md	1456	-	-	-	0	0	0	0	0	0	0	0	0	0	0	0	0	0	0	0	0	0	0	0	0	0	0	0
/input/intro-notes/StructureDefinition-au-ihi-intro.md	345	-	-	-	0	0	0	0	0	0	0	0	0	0	0	0	0	0	0	0	0	0	0	0	0	0	0	0
/input/intro-notes/StructureDefinition-au-assigningauthority-intro.md	298	-	-	-	0	0	0	0	0	0	0	0	0	0	0	0	0	0	0	0	0	0	0	0	0	0	0	0
/input/intro-notes/StructureDefinition-indigenous-status-intro.md	15	-	-	-	0	0	0	0	0	0	0	0	0	0	0	0	0	0	0	0	0	0	0	0	0	0	0	0
/input/intro-notes/StructureDefinition-au-medicationadministration-intro.md	1320	-	-	-	0	0	0	0	0	0	0	0	0	0	0	0	0	0	0	0	0	0	0	0	0	0	0	0
/input/intro-notes/StructureDefinition-au-healthcarecardnumber-intro.md	15	-	-	-	0	0	0	0	0	0	0	0	0	0	0	0	0	0	0	0	0	0	0	0	0	0	0	0
/input/intro-notes/StructureDefinition-au-medicationdispense-intro.md	1601	-	-	-	0	0	0	0	0	0	0	0	0	0	0	0	0	0	0	0	0	1	0	0	0	0	0	0
/input/intro-notes/StructureDefinition-au-nataaccreditationnumber-intro.md	15	-	-	-	0	0	0	0	0	0	0	0	0	0	0	0	0	0	0	0	0	0	0	0	0	0	0	0
/input/intro-notes/StructureDefinition-au-cwlthseniorshealthcardnumber-intro.md	299	-	-	-	0	0	0	0	0	0	0	0	0	0	0	0	0	0	0	0	0	0	0	0	0	0	0	0
/input/intro-notes/StructureDefinition-au-diagnosticresult-intro.md	794	-	-	-	0	0	0	0	0	0	0	0	0	0	0	0	0	0	0	0	0	0	0	0	0	0	0	0
/input/intro-notes/StructureDefinition-change-description-intro.md	296	-	-	-	0	0	0	0	0	0	0	0	0	0	0	0	0	0	0	0	0	0	0	0	0	0	0	0
/input/intro-notes/StructureDefinition-au-careagencyemployeeidentifier-intro.md	15	-	-	-	0	0	0	0	0	0	0	0	0	0	0	0	0	0	0	0	0	0	0	0	0	0	0	0
/input/intro-notes/StructureDefinition-au-timezone-intro.md	16	-	-	-	0	0	0	0	0	0	0	0	0	0	0	0	0	0	0	0	0	0	0	0	0	0	0	0
/input/intro-notes/StructureDefinition-au-ahpraregistrationnumber-intro.md	15	-	-	-	0	0	0	0	0	0	0	0	0	0	0	0	0	0	0	0	0	0	0	0	0	0	0	0
/input/intro-notes/StructureDefinition-au-pathologyreport-intro.md	2492	-	-	-	0	0	0	0	0	0	0	0	0	0	0	0	0	0	0	0	0	0	0	0	0	0	0	0
/input/intro-notes/StructureDefinition-ihi-status-intro.md	15	-	-	-	0	0	0	0	0	0	0	0	0	0	0	0	0	0	0	0	0	0	0	0	0	0	0	0
/input/intro-notes/StructureDefinition-date-accuracy-indicator-intro.md	15	-	-	-	0	0	0	0	0	0	0	0	0	0	0	0	0	0	0	0	0	1	0	0	0	0	0	0
/input/intro-notes/StructureDefinition-au-medicareprovidernumber-intro.md	15	-	-	-	0	0	0	0	0	0	0	0	0	0	0	0	0	0	0	0	0	0	0	0	0	0	0	0
/input/intro-notes/StructureDefinition-au-australiancompanynumber-intro.md	16	-	-	-	0	0	0	0	0	0	0	0	0	0	0	0	0	0	0	0	0	0	0	0	0	0	0	0
/input/intro-notes/StructureDefinition-au-receivingfacility-intro.md	15	-	-	-	0	0	0	0	0	0	0	0	0	0	0	0	0	0	0	0	0	0	0	0	0	0	0	0
/input/intro-notes/CodeSystem-communicationrequest-reason-intro.md	292	-	-	-	0	0	0	0	0	0	0	0	0	0	0	0	0	0	0	0	0	0	0	0	0	0	0	0
/input/intro-notes/StructureDefinition-identifier-routability-intro.md	15	-	-	-	0	0	0	0	0	0	0	0	0	0	0	0	0	0	0	0	0	0	0	0	0	0	0	0
/input/intro-notes/StructureDefinition-au-medicalrecordnumber-intro.md	360	-	-	-	0	0	0	0	0	0	0	0	0	0	0	0	0	0	0	0	0	0	0	0	0	0	0	0
/input/intro-notes/StructureDefinition-ethnicity-intro.md	1058	-	-	-	0	0	0	0	0	0	0	0	0	0	0	0	0	0	0	0	0	0	0	0	0	0	0	0
/input/intro-notes/StructureDefinition-au-relatedperson-intro.md	1093	-	-	-	0	0	0	0	0	0	0	0	0	0	0	0	0	0	0	0	0	0	0	0	0	0	0	0
/input/intro-notes/StructureDefinition-au-paioidentifier-intro.md	15	-	-	-	0	0	0	0	0	0	0	0	0	0	0	0	0	0	0	0	0	0	0	0	0	0	0	0
/input/intro-notes/StructureDefinition-information-recipient-intro.md	15	-	-	-	0	0	0	0	0	0	0	0	0	0	0	0	0	0	0	0	0	0	0	0	0	0	0	0
/input/intro-notes/StructureDefinition-au-practitionerrole-intro.md	1579	-	-	-	0	0	0	0	0	0	0	0	0	0	0	0	0	0	0	0	0	1	0	0	0	0	0	0
/input/intro-notes/StructureDefinition-medication-generic-name-intro.md	336	-	-	-	0	0	0	0	0	0	0	0	0	0	0	0	0	0	0	0	0	0	0	0	0	0	0	0
/input/intro-notes/StructureDefinition-au-healthcareservice-intro.md	1420	-	-	-	0	0	0	0	0	0	0	0	0	0	0	0	0	0	0	0	0	0	0	0	0	0	0	0
/input/intro-notes/StructureDefinition-au-medication-intro.md	2438	-	-	-	0	0	0	0	0	0	0	0	0	0	0	0	0	0	0	0	0	0	0	0	0	0	0	0
/input/intro-notes/StructureDefinition-au-medicarecardnumber-intro.md	621	-	-	-	0	0	0	0	0	0	0	0	0	0	0	0	0	0	0	0	0	0	0	0	0	0	0	0
/input/intro-notes/StructureDefinition-au-insurancemembernumber-intro.md	15	-	-	-	0	0	0	0	0	0	0	0	0	0	0	0	0	0	0	0	0	0	0	0	0	0	0	0
/input/intro-notes/StructureDefinition-au-residentialagedcareserviceidentifier-intro.md	15	-	-	-	0	0	0	0	0	0	0	0	0	0	0	0	0	0	0	0	0	0	0	0	0	0	0	0
/input/intro-notes/ValueSet-amt-mp-codes-intro.md	341	-	-	-	0	0	0	0	0	0	0	0	0	0	0	0	0	0	0	0	0	0	0	0	0	0	0	0
/input/intro-notes/StructureDefinition-au-coverage-intro.md	1028	-	-	-	0	0	0	0	0	0	0	0	0	0	0	0	0	0	0	0	0	1	0	0	0	0	0	0
/input/intro-notes/StructureDefinition-author-related-person-intro.md	15	-	-	-	0	0	0	0	0	0	0	0	0	0	0	0	0	0	0	0	0	0	0	0	0	0	0	0
/input/intro-notes/StructureDefinition-au-deliverypointidentifier-intro.md	15	-	-	-	0	0	0	0	0	0	0	0	0	0	0	0	0	0	0	0	0	0	0	0	0	0	0	0
/input/intro-notes/StructureDefinition-au-pensionerconcessioncardnumber-intro.md	292	-	-	-	0	0	0	0	0	0	0	0	0	0	0	0	0	0	0	0	0	0	0	0	0	0	0	0
/input/intro-notes/StructureDefinition-au-localdispenseidentifier-intro.md	353	-	-	-	0	0	0	0	0	0	0	0	0	0	0	0	0	0	0	0	0	0	0	0	0	0	0	0
/input/intro-notes/StructureDefinition-au-accessionnumber-intro.md	354	-	-	-	0	0	0	0	0	0	0	0	0	0	0	0	0	0	0	0	0	0	0	0	0	0	0	0
/input/intro-notes/StructureDefinition-au-cspregistrationnumber-intro.md	15	-	-	-	0	0	0	0	0	0	0	0	0	0	0	0	0	0	0	0	0	0	0	0	0	0	0	0
/input/intro-notes/StructureDefinition-medication-strength-intro.md	266	-	-	-	0	0	0	0	0	0	0	0	0	0	0	0	0	0	0	0	0	0	0	0	0	0	0	0
/input/intro-notes/StructureDefinition-au-pi-intro.md	724	-	-	-	0	0	0	0	0	0	0	0	0	0	0	0	0	0	0	0	0	0	0	0	0	0	0	0
/input/intro-notes/StructureDefinition-au-nationalprovideridentifieratorganisation-intro.md	15	-	-	-	0	0	0	0	0	0	0	0	0	0	0	0	0	0	0	0	0	0	0	0	0	0	0	0
/input/intro-notes/StructureDefinition-au-hpii-intro.md	15	-	-	-	0	0	0	0	0	0	0	0	0	0	0	0	0	0	0	0	0	0	0	0	0	0	0	0
/input/intro-notes/StructureDefinition-au-receivingapplication-intro.md	15	-	-	-	0	0	0	0	0	0	0	0	0	0	0	0	0	0	0	0	0	1	0	0	0	0	0	0
/input/intro-notes/StructureDefinition-au-composition-intro.md	1096	-	-	-	0	0	0	0	0	0	0	0	0	0	0	0	0	0	0	0	0	0	0	0	0	0	0	0
/input/intro-notes/StructureDefinition-ahpraregistration-details-intro.md	304	-	-	-	0	0	0	0	0	0	0	0	0	0	0	0	0	0	0	0	0	0	0	0	0	0	0	0
/input/intro-notes/StructureDefinition-au-pharmacyapprovalnumber-intro.md	15	-	-	-	0	0	0	0	0	0	0	0	0	0	0	0	0	0	0	0	0	0	0	0	0	0	0	0
/input/intro-notes/StructureDefinition-au-paididentifier-intro.md	15	-	-	-	0	0	0	0	0	0	0	0	0	0	0	0	0	0	0	0	0	0	0	0	0	0	0	0
/input/intro-notes/StructureDefinition-medication-type-intro.md	15	-	-	-	0	0	0	0	0	0	0	0	0	0	0	0	0	0	0	0	0	0	0	0	0	0	0	0
/input/intro-notes/StructureDefinition-result-copies-to-intro.md	0	-	-	-	0	0	0	0	0	0	0	0	0	0	0	0	0	0	0	0	0	0	0	0	0	0	0	0
/input/intro-notes/StructureDefinition-au-australianregistredbodynumber-intro.md	16	-	-	-	0	0	0	0	0	0	0	0	0	0	0	0	0	0	0	0	0	0	0	0	0	0	0	0
/input/intro-notes/StructureDefinition-au-imagingresult-intro.md	1223	-	-	-	0	0	0	0	0	0	0	0	0	0	0	0	0	0	0	0	0	0	0	0	0	0	0	0
/input/intro-notes/StructureDefinition-au-medicationstatement-intro.md	1911	-	-	-	0	0	0	0	0	0	0	0	0	0	0	0	0	0	0	0	0	0	0	0	0	0	0	0
/input/intro-notes/StructureDefinition-address-identifier-intro.md	15	-	-	-	0	0	0	0	0	0	0	0	0	0	0	0	0	0	0	0	0	1	0	0	0	0	0	0
/input/intro-notes/StructureDefinition-au-diagnosticreport-intro.md	1612	-	-	-	0	0	0	0	0	0	0	0	0	0	0	0	0	0	0	0	0	0	0	0	0	0	0	0
/input/intro-notes/StructureDefinition-date-of-arrival-intro.md	15	-	-	-	0	0	0	0	0	0	0	0	0	0	0	0	0	0	0	0	0	0	0	0	0	0	0	0
/input/intro-notes/StructureDefinition-vaccine-serial-number-intro.md	15	-	-	-	0	0	0	0	0	0	0	0	0	0	0	0	0	0	0	0	0	0	0	0	0	0	0	0
/input/intro-notes/StructureDefinition-au-location-intro.md	910	-	-	-	0	0	0	0	0	0	0	0	0	0	0	0	0	0	0	0	0	0	0	0	0	0	0	0
/input/intro-notes/StructureDefinition-au-procedure-intro.md	965	-	-	-	0	0	0	0	0	0	0	0	0	0	0	0	0	0	0	0	0	0	0	0	0	0	0	0
/input/intro-notes/StructureDefinition-au-dvanumber-intro.md	16	-	-	-	0	0	0	0	0	0	0	0	0	0	0	0	0	0	0	0	0	0	0	0	0	0	0	0
/input/intro-notes/StructureDefinition-individual-recordedSexOrGender-intro.md	529	-	-	-	0	0	0	0	0	0	0	0	0	0	0	0	0	0	0	0	0	0	0	0	0	0	0	0
/input/intro-notes/StructureDefinition-au-hpio-intro.md	15	-	-	-	0	0	0	0	0	0	0	0	0	0	0	0	0	0	0	0	0	0	0	0	0	0	0	0
/input/intro-notes/StructureDefinition-au-bodystructure-intro.md	15	-	-	-	0	0	0	0	0	0	0	0	0	0	0	0	0	0	0	0	0	1	0	0	0	0	0	0
/input/intro-notes/StructureDefinition-au-servicerequest-intro.md	1421	-	-	-	0	0	0	0	0	0	0	0	0	0	0	0	0	0	0	0	0	0	0	0	0	0	0	0
/input/intro-notes/StructureDefinition-au-practitioner-intro.md	1050	-	-	-	0	0	0	0	0	0	0	0	0	0	0	0	0	0	0	0	0	0	0	0	0	0	0	0
/input/intro-notes/StructureDefinition-au-address-intro.md	706	-	-	-	0	0	0	0	0	0	0	0	0	0	0	0	0	0	0	0	0	0	0	0	0	0	0	0
/input/intro-notes/StructureDefinition-au-etpprescriptionidentifier-intro.md	15	-	-	-	0	0	0	0	0	0	0	0	0	0	0	0	0	0	0	0	0	0	0	0	0	0	0	0
/input/intro-notes/StructureDefinition-au-patient-intro.md	1650	-	-	-	0	0	0	0	0	0	0	0	0	0	0	0	0	0	0	0	0	0	0	0	0	0	0	0
/input/intro-notes/StructureDefinition-au-pbsprescribernumber-intro.md	15	-	-	-	0	0	0	0	0	0	0	0	0	0	0	0	0	0	0	0	0	0	0	0	0	0	0	0
/input/intro-notes/StructureDefinition-associated-healthcareservice-intro.md	15	-	-	-	0	0	0	0	0	0	0	0	0	0	0	0	0	0	0	0	0	0	0	0	0	0	0	0
/input/intro-notes/StructureDefinition-individual-pronouns-intro.md	167	-	-	-	0	0	0	0	0	0	0	0	0	0	0	0	0	0	0	0	0	0	0	0	0	0	0	0
/input/intro-notes/StructureDefinition-encounter-description-intro.md	16	-	-	-	0	0	0	0	0	0	0	0	0	0	0	0	0	0	0	0	0	0	0	0	0	0	0	0
/input/intro-notes/StructureDefinition-au-localreportidentifier-intro.md	997	-	-	-	0	0	0	0	0	0	0	0	0	0	0	0	0	0	0	0	0	1	0	0	0	0	0	0
/input/intro-notes/StructureDefinition-contact-purpose-intro.md	15	-	-	-	0	0	0	0	0	0	0	0	0	0	0	0	0	0	0	0	0	0	0	0	0	0	0	0
/input/intro-notes/StructureDefinition-au-employeenumber-intro.md	360	-	-	-	0	0	0	0	0	0	0	0	0	0	0	0	0	0	0	0	0	0	0	0	0	0	0	0
/input/intro-notes/StructureDefinition-encryption-certificate-pem-x509-intro.md	176	-	-	-	0	0	0	0	0	0	0	0	0	0	0	0	0	0	0	0	0	0	0	0	0	0	0	0
/input/intro-notes/StructureDefinition-medication-long-term-intro.md	117	-	-	-	0	0	0	0	0	0	0	0	0	0	0	0	0	0	0	0	0	0	0	0	0	0	0	0
/input/intro-notes/StructureDefinition-au-hspo-intro.md	143	-	-	-	0	0	0	0	0	0	0	0	0	0	0	0	0	0	0	0	0	0	0	0	0	0	0	0
/input/intro-notes/StructureDefinition-au-pathologyresult-intro.md	1768	-	-	-	0	0	0	0	0	0	0	0	0	0	0	0	0	0	0	0	0	0	0	0	0	0	0	0
/input/intro-notes/StructureDefinition-au-substance-intro.md	15	-	-	-	0	0	0	0	0	0	0	0	0	0	0	0	0	0	0	0	0	0	0	0	0	0	0	0
/input/intro-notes/StructureDefinition-au-natasitenumber-intro.md	15	-	-	-	0	0	0	0	0	0	0	0	0	0	0	0	0	0	0	0	0	0	0	0	0	0	0	0
/input/intro-notes/StructureDefinition-dispense-number-intro.md	171	-	-	-	0	0	0	0	0	0	0	0	0	0	0	0	0	0	0	0	0	0	0	0	0	0	0	0
/input/intro-notes/StructureDefinition-au-locationspecificpracticenumber-intro.md	15	-	-	-	0	0	0	0	0	0	0	0	0	0	0	0	0	0	0	0	0	1	0	0	0	0	0	0
/input/intro-notes/StructureDefinition-ihi-record-status-intro.md	15	-	-	-	0	0	0	0	0	0	0	0	0	0	0	0	0	0	0	0	0	0	0	0	0	0	0	0
/input/intro-notes/StructureDefinition-au-medlist-intro.md	1339	-	-	-	0	0	0	0	0	0	0	0	0	0	0	0	0	0	0	0	0	0	0	0	0	0	0	0
/input/intro-notes/StructureDefinition-ihi-verified-date-intro.md	15	-	-	-	0	0	0	0	0	0	0	0	0	0	0	0	0	0	0	0	0	0	0	0	0	0	0	0
/input/intro-notes/StructureDefinition-au-encounter-intro.md	656	-	-	-	0	0	0	0	0	0	0	0	0	0	0	0	0	0	0	0	0	0	0	0	0	0	0	0
/input/intro-notes/StructureDefinition-au-imagingreport-intro.md	1497	-	-	-	0	0	0	0	0	0	0	0	0	0	0	0	0	0	0	0	0	0	0	0	0	0	0	0
/input/intro-notes/StructureDefinition-au-immunization-intro.md	16	-	-	-	0	0	0	0	0	0	0	0	0	0	0	0	0	0	0	0	0	0	0	0	0	0	0	0
/input/intro-notes/StructureDefinition-au-timezone-usage-intro.md	228	-	-	-	0	0	0	0	0	0	0	0	0	0	0	0	0	0	0	0	0	0	0	0	0	0	0	0
/input/intro-notes/StructureDefinition-no-fixed-address-intro.md	15	-	-	-	0	0	0	0	0	0	0	0	0	0	0	0	0	0	0	0	0	0	0	0	0	0	0	0
/input/intro-notes/StructureDefinition-au-localorderidentifier-intro.md	353	-	-	-	0	0	0	0	0	0	0	0	0	0	0	0	0	0	0	0	0	0	0	0	0	0	0	0
/input/pagecontent/profiles-and-extensions.md	1239	-	-	-	0	0	0	0	0	0	0	0	0	0	0	0	0	0	0	0	0	0	0	0	0	0	0	0
/input/pagecontent/examples.md	777	-	-	-	0	0	0	0	0	0	0	0	0	0	0	0	0	0	0	0	0	1	0	0	0	0	0	0
/input/pagecontent/guidance.md	163	-	-	-	0	0	0	0	0	0	0	0	0	0	0	0	0	0	0	0	0	0	0	0	0	0	0	0
/input/pagecontent/support.md	66	-	-	-	0	0	0	0	0	0	0	0	0	0	0	0	0	0	0	0	0	0	0	0	0	0	0	0
/input/pagecontent/license.md	6441	-	-	-	0	0	0	0	0	0	0	0	0	0	0	0	0	0	0	0	0	0	0	0	0	0	0	0
/input/pagecontent/relationship.md	5920	-	-	-	0	0	0	0	0	0	0	0	0	0	0	0	0	0	0	0	0	0	0	0	0	0	0	0
/input/pagecontent/terminology.md	51971	-	-	-	0	0	0	0	0	0	0	0	0	0	0	0	0	0	0	0	0	1	0	0	0	0	0	0
/input/pagecontent/fhirartefacts.md	183	-	-	-	0	0	0	0	0	0	0	0	0	0	0	0	0	0	0	0	0	0	0	0	0	0	0	0
/input/pagecontent/sexgender.md	36309	-	-	-	0	0	0	0	0	0	0	0	0	0	0	0	0	0	0	0	0	1	0	0	0	0	0	0
/input/pagecontent/downloads.xml	1287	-	-	-	0	0	0	0	0	0	0	0	0	0	0	0	0	0	0	0	0	34	0	0	0	0	0	0
/input/pagecontent/changes.md	75632	-	-	-	0	0	0	0	0	0	0	0	0	0	0	0	0	0	0	0	0	2	0	0	0	0	0	0
/input/pagecontent/search-parameters.md	1023	-	-	-	0	0	0	0	0	0	0	0	0	0	0	0	0	0	0	0	0	0	0	0	0	0	0	0
/input/pagecontent/downloads.md	2192	-	-	-	0	0	0	0	0	0	0	0	0	0	0	0	0	0	0	0	0	0	0	0	0	0	0	0
/input/pagecontent/future.md	3699	-	-	-	0	0	0	0	0	0	0	0	0	0	0	0	0	0	0	0	0	0	0	0	0	0	0	0
/input/pagecontent/background.xml	331	-	-	-	0	0	0	0	0	0	0	0	0	0	0	0	0	0	0	0	0	33	0	0	0	0	0	0
/input/pagecontent/index.md	4291	-	-	-	0	0	0	0	0	0	0	0	0	0	0	0	0	0	0	0	0	1	0	0	0	0	0	0
/input/pagecontent/generalguidance.md	49270	-	-	-	0	0	0	0	0	0	0	0	0	0	0	0	0	0	0	0	0	0	0	0	0	0	0	0
/template/config	0	-	-	-	0	0	0	0	0	0	0	0	0	0	0	0	0	0	0	0	1	0	0	0	0	0	0	0
/template/config/_config.yml	140	-	-	-	0	0	0	0	0	0	0	0	0	0	0	0	0	0	0	0	0	1	0	0	0	0	0	0
/input/images	0	-	-	-	0	0	0	0	0	0	0	0	0	0	0	0	0	0	0	0	0	0	0	0	0	0	0	0
/input/images/maturing.png	243858	-	-	-	0	0	0	0	0	0	0	0	0	0	0	0	0	0	0	0	0	0	0	0	0	0	0	0
/input/images/relationship.png	154303	-	-	-	0	0	0	0	0	0	0	0	0	0	0	0	0	0	0	0	0	0	0	0	0	0	0	0
/input/images/architecture.png	211228	-	-	-	0	0	0	0	0	0	0	0	0	0	0	0	0	0	0	0	0	0	0	0	0	0	0	0
/input/images/minus_symbol.png	285	-	-	-	0	0	0	0	0	0	0	0	0	0	0	0	0	0	0	0	0	0	0	0	0	0	0	0
/input/images/anImage.png	36288	-	-	-	0	0	0	0	0	0	0	0	0	0	0	0	0	0	0	0	0	0	0	0	0	0	0	0
/input/images/blue_checkmark.png	1772	-	-	-	0	0	0	0	0	0	0	0	0	0	0	0	0	0	0	0	0	1	0	0	0	0	0	0
/input/images/yearlyupdate.png	30194	-	-	-	0	0	0	0	0	0	0	0	0	0	0	0	0	0	0	0	0	0	0	0	0	0	0	0
/input/images/context-colour.png	230129	-	-	-	0	0	0	0	0	0	0	0	0	0	0	0	0	0	0	0	0	0	0	0	0	0	0	0
/input/images/orange_checkmark.png	1045	-	-	-	0	0	0	0	0	0	0	0	0	0	0	0	0	0	0	0	0	0	0	0	0	0	0	0
/input/images/green_checkmark.png	1045	-	-	-	0	0	0	0	0	0	0	0	0	0	0	0	0	0	0	0	0	0	1	0	0	0	0	0
/temp/pages/_includes/artifacts.xml	171254	-	-	-	-	-	-	-	-	-	-	-	-	-	-	-	-	-	-	-	-	2	0	0	0	0	0	0
